area_rip_code,perc_f
5,36.82191693833027
2,33.42362709819229
1,32.24018566545855
3,31.72729838864624
4,28.15110559103519
